country,year,cereal_yield,fdi_perc_gdp,en_per_gdp,en_per_cap,co2_ttl,co2_per_cap,co2_per_gdp,pop_urb_aggl_perc,prot_area_perc,gdp,gni_per_cap,under_5_mort_rate,pop_growth_perc,pop,urb_pop_growth_perc,urb_pop
BGD,1991,2585.7,0.0044914699288844,154.496129842966,116.511475882494,15940.449,0.147913464227,196.135681928746,9.44370431543193,1.5379218511,30957444767.4221,300.0,137.9,2.35919934068732,107768749.0,4.26020706318464,21747733.5482
BGD,1992,2625.6,0.011737580425406,155.245749548746,120.235439050409,17748.28,0.16101783293357,207.903213577542,9.63012433913351,1.53794804362,31708863729.9733,320.0,132.1,2.25410478995121,110225555.0,4.11964735610133,22662374.108
BGD,1993,2647.7,0.0423616413870901,156.704433798828,124.190375715098,17407.249,0.154531296689631,194.988856523795,9.82758470692028,1.53797419188,33166530060.0412,320.0,125.6,2.17165978596285,112645460.0,4.0030362715055,23587959.324
BGD,1994,2475.8,0.0330122304430682,157.245677445314,126.988771805495,18969.391,0.164866620838011,204.148470082856,10.0352640773085,1.53800029733,33768661426.807,320.0,119.5,2.11998064012738,115059015.0,3.9184200256527,24530581.998
BGD,1995,2593.1,0.0049983776360477,163.051742088556,135.307621224185,22816.074,0.194200918583708,234.020802404082,10.2509970639123,1.53802635923,37939752959.8665,330.0,113.9,2.08821099619584,117486952.0,3.85487712107284,25494668.584
BGD,1996,2694.1,0.0332706101716021,156.769563871558,133.336185584029,24029.851,0.200367840280276,235.581802471986,10.4756625275011,1.60036178336,40666015641.0564,350.0,107.3,2.05699688296749,119928682.0,3.79299296921555,26480252.9856
BGD,1997,2682.4,0.329348086267395,155.399259428918,136.512118865867,25063.945,0.204820319174727,233.158243972621,10.7088656069883,1.60039366504,42318798537.7145,360.0,101.5,2.01552858437685,122370403.0,3.72190137451712,27484392.5138
BGD,1998,2865.3,0.431054233714549,153.861565681966,139.454308402344,24040.852,0.192629859754327,212.53077196717095,10.9534542866561,1.60042550603,44091754148.1823,360.0,96.3,1.96867712533918,124803351.0,3.64642067309043,28505085.3684
BGD,1999,3116.4,0.393186601641826,148.747418142414,138.703612418932,25232.627,0.198346567127337,212.709238375794,11.2102109218531,1.60042550603,45694072379.3677,370.0,91.2,1.91380120919952,127214841.0,3.56386035739311,29539286.0802
BGD,2000,3384.3,0.594981587617097,148.023364631718,143.550832794625,27865.533,0.215024645566258,221.724046428883,11.4812345103132,1.60042550603,47124925462.1348,380.0,85.7,1.85158570317757,129592275.0,3.47485927935945,30583776.9
BGD,2001,3311.0,0.167122036935599,152.799924383491,153.217126365717,32449.283,0.245931147882508,245.26149061362705,11.7640804415284,1.64126216308,46987842846.553,380.0,80.6,1.79888405960722,131944584.0,3.56289452163453,31693089.0768
BGD,2002,3394.9,0.110023607332336,150.247600531124,154.589664067029,33699.73,0.250991483887543,243.94171780785,12.0542068788782,1.64126216308,47571130071.3913,380.0,76.1,1.74440783613894,134266428.0,3.47783960129464,32814715.0032
BGD,2003,3479.3,0.516791195526743,149.248658502544,158.971027955012,33824.408,0.247771054337506,232.61784207685,12.3487116060586,1.64126216308,51913661485.3195,400.0,72.0,1.660670463142,136514768.0,3.36456564105904,33937571.3248
BGD,2004,3439.4,0.793669546869144,145.860039022339,162.580466449063,39735.612,0.286623654280832,257.14612776821997,12.6461731974678,1.64126216308,56560744012.2303,440.0,67.9,1.54002469297002,138633401.0,3.21537301257919,35046523.7728
BGD,2005,3681.5,1.34929476029113,145.839589048797,169.84421321769,37652.756,0.267823547459504,229.971191594397,12.9445771308861,1.64126216308,60277560975.6098,480.0,64.2,1.40000262362366,140587922.0,3.04774488587544,36131095.954
BGD,2006,3761.3,1.12632262688135,145.417048263492,178.339365183579,46644.24,0.327664860170878,267.176328325891,13.2425025500427,1.64126216308,61901116736.1525,500.0,60.4,1.24803353164368,142353501.0,3.09851038970164,37268146.5618
BGD,2007,4020.8,0.954198199533117,142.578163942338,184.02470102056,46930.266,0.326002414404793,252.579275656106,13.5360089437939,1.64126216308,68415421372.7194,520.0,57.1,1.11998815682287,143956805.0,2.93684358370376,38378884.213
BGD,2008,4102.2,1.26909861671883,141.611570495086,192.06189514175,46526.896,0.319820179366957,235.810637204995,13.8180271559401,1.64126216308,79554350677.7438,570.0,53.9,1.05136452958274,145478300.0,2.8357984951988,39482810.62
CHN,1991,4232.7,1.1505561600763,627.922681111306,744.485727941049,2584538.27,2.24590127565651,1894.26378182123,9.28486887154799,13.5681521574,379468656246.251,350.0,47.4,1.36443400840349,1150780000.0,4.24233046340784,324519960.0
CHN,1992,4366.6,2.63946807522414,568.488545825916,760.353575628557,2695982.067,2.31420729031649,1730.24811006405,9.63057812647536,13.6644058703,422660918111.413,390.0,46.5,1.2255362283362,1164970000.0,4.0229214325768,337841300.0
CHN,1993,4567.6,6.24629826288079,527.682471295534,795.387312888225,2878694.009,2.44280065934625,1620.6231453774,10.0051653881403,13.7837435861,440500898964.599,410.0,45.6,1.14961943083465,1178440000.0,3.87087578332311,351175120.0
CHN,1994,4510.0,6.04175737590201,487.946301603067,822.492539655237,3058241.33,2.56599389177193,1522.2839953673,10.4078598967139,13.9254401265,559224707280.731,460.0,44.3,1.13026063215591,1191835000.0,3.77942217685354,364701510.0
CHN,1995,4663.7,4.92429195798218,470.04657262264,869.188004365671,3320285.15,2.75575496636525,1490.27962928818,10.8435285573783,14.0005510833,728007199936.412,530.0,42.5,1.08650915088974,1204855000.0,3.667297546477,378324470.0
CHN,1996,4898.0,4.6934606615725,442.657251948078,891.006929489549,3463089.131,2.84430958153669,1413.06899125232,11.316026692949,14.3553075088,856084729312.253,650.0,40.5,1.04814151412165,1217550000.0,3.81213656287568,393025140.0
CHN,1997,4826.1,4.64356006353359,405.937172989813,883.99069975408,3469510.048,2.82056789057578,1295.23235487058,11.8256928236083,14.4838576306,952652693079.137,750.0,38.5,1.02345002419879,1230075000.0,3.7130987107334,407892870.0
CHN,1998,4954.0,4.29159169678315,375.926237425318,874.063525063711,3324344.519,2.67674598026467,1151.24246241816,12.3842452302254,14.6214017973,1019458585326.15,790.0,36.6,0.959550406298151,1241935000.0,3.57874775010608,422754674.0
CHN,1999,4947.0,3.57738295167943,349.453174908817,866.724905905878,3318055.614,2.64864924664833,1067.90387832886,13.0001610875405,14.8615351695,1083277930359.88,840.0,34.7,0.865851392993279,1252735000.0,3.41819411961609,437455062.0
CHN,2000,4756.3,3.20399920668831,325.074084563062,867.125313132353,3405179.867,2.69686243322549,1011.01890741307,13.6798092892301,15.4628599838,1198480321713.0,930.0,33.0,0.787956592953992,1262645000.0,3.27677283647931,452026910.0
CHN,2001,4802.2,3.33943524233897,299.205069387024,858.108668475056,3487566.356,2.74212081298895,956.121850599638,14.2384978574517,16.2787889876,1324804848409.43,1000.0,31.2,0.726380637838525,1271850000.0,3.26374787240202,467023320.0
CHN,2002,4889.6,3.39159702688794,296.943254363943,922.9151710403,3694242.143,2.88522504139331,928.306457892502,14.7632507029053,16.5992976524,1453827687613.08,1100.0,29.5,0.669999567758626,1280400000.0,3.14457446424755,481942560.0
CHN,2003,4877.6,2.86885358797971,307.263051672522,1043.96585687675,4525177.009,3.51224542766222,1033.73423682166,15.2899401583359,16.5992984642,1640959264366.29,1270.0,27.9,0.622860936133583,1288400000.0,3.03767643865017,496807040.0
CHN,2004,5189.6,2.84402751721403,325.318236392028,1209.74062843585,5288166.032,4.08013890554173,1097.21337101949,15.7522939644696,16.5992984642,1931643872027.84,1500.0,26.4,0.593932815112141,1296075000.0,2.95180729740572,511690410.0
CHN,2005,5225.5,5.19332411856692,316.239722001307,1301.19158715062,5790016.984,4.4411506949345,1079.37084361845,16.1890134384684,16.5992984642,2256902969137.08,1760.0,24.9,0.588124989556992,1303720000.0,2.89168202973937,526702880.0
CHN,2006,5313.4,4.57369322979559,306.669604999099,1414.14677655566,6414463.08,4.89272709798477,1061.0289620444698,16.5990987170295,16.5992984642,2712950560614.04,2050.0,23.5,0.558374367373002,1311020000.0,2.76164586736129,541451260.0
CHN,2007,5319.8,4.58068907152341,284.472645312085,1490.26043471168,6791804.714,5.15356401658718,983.752875964508,16.9513692014098,16.5992984642,3494055865921.79,2490.0,22.2,0.522271866392275,1317885000.0,2.67804397389018,556147470.0
CHN,2008,5548.4,3.87338246692637,279.840202181115,1598.51623705795,7031916.207,5.30848878160729,929.31716268035,17.2522253718893,16.5992984642,4521826899540.68,3050.0,20.9,0.51238693163744,1324655000.0,2.62266453841103,570926305.0
IDN,1991,3862.1,1.15629486437698,263.078971773833,565.993391367808,179730.671,0.958810056771927,445.663796978948,9.83539875317281,10.2226722192,128167999846.519,600.0,81.0,1.67076500086434,187451800.0,4.88647616431746,59234768.8
IDN,1992,3817.0,1.27734879560104,255.502023773669,579.914111750844,202576.081,1.06332205884654,468.4847849938181,9.74759595883819,10.7828407801,139116270052.446,660.0,77.1,1.61957538244552,190512441.0,4.7350921604251,62107055.766
IDN,1993,3916.2,1.26829944495186,261.435146589458,626.515644065948,218600.871,1.12957054147159,471.35206102159697,9.66583819422219,10.8344656576,158006849878.9,780.0,73.3,1.56925519688151,193525648.0,4.59063305653117,65024617.728
IDN,1994,3865.4,1.19225190091365,244.430565665531,620.43354956352,221413.46,1.12685231374877,443.943027685877,9.5902371786278,10.8344757337,176892148243.49,870.0,69.9,1.51935791086296,196488446.0,4.45211942031496,67985002.316
IDN,1995,3842.7,2.1500797962838,249.659733981351,676.883738898759,224941.114,1.12808792165594,416.080508724293,9.52041460671739,10.8759846749,202132032844.159,980.0,66.6,1.47109270281941,199400339.0,4.32028828225002,70986520.684
IDN,1996,3944.8,2.72419798262497,240.821366095086,692.8955486192,253290.691,1.25232077089787,435.254057322022,9.45638979714323,11.0168574787,227369671349.349,1080.0,63.9,1.42248011674439,202257039.0,4.95485619978524,74592395.9832
IDN,1997,4011.3,2.16779829847011,237.260119481958,704.951112989077,278658.997,1.35889146768941,457.351929866374,9.39737593826317,11.9917672631,215748854646.704,1080.0,61.5,1.37801724281801,205063468.0,4.78986203198725,78252219.3888
IDN,1998,3816.8,-0.252290447278081,266.851296499946,679.5953933387,210210.775,1.01141020080578,397.14236739062295,9.34255321997905,12.796430233,95445548017.3549,650.0,58.8,1.34455911707078,207839287.0,4.64382743250566,81971814.7928
IDN,1999,3895.7,-1.33257352862226,286.576996934419,725.925087517839,237595.931,1.12812808305687,445.356640456205,9.29050183073254,13.5176037688,140001352527.221,570.0,56.3,1.32466440890757,210610776.0,4.51854865969082,85760707.9872
IDN,2000,4026.3,-2.75743933521016,278.147855927859,729.591856124779,258120.13,1.20958613304013,461.139727151289,9.24049721012979,13.5176037688,165021047883.451,560.0,54.0,1.31350679370007,213395411.0,4.40853139781021,89626072.62
IDN,2001,4044.9,-1.85568619470071,275.800743638936,740.055465059795,289065.943,1.33700862537844,498.27072502093,9.19984879615662,13.5181492938,160446947638.313,660.0,51.7,1.30732547439517,216203499.0,4.17069875393232,93443152.2678
IDN,2002,4169.5,0.0741516383678891,274.640569870182,760.175639129107,303506.589,1.38570801282302,500.636456531799,9.16134868055725,13.5562066372,195660611033.849,720.0,49.5,1.29720215353319,219026365.0,4.08086352280214,97335316.606
IDN,2003,4248.0,-0.254256325802143,262.67199514584,752.143997431293,311885.684,1.40590858059892,490.986849751877,9.12585368408794,13.5562066372,234772458818.096,890.0,47.5,1.27608421719893,221839235.0,3.98435185022093,101291794.701
IDN,2004,4274.4,0.738243956866449,267.685803046792,795.143508093271,333733.67,1.48585915340102,500.2158687635579,9.05833232427244,14.1080720135,256836883304.553,1070.0,45.5,1.23971673728322,224606531.0,3.876567153994,105295541.7328
IDN,2005,4311.3,2.91611492676969,257.220162667831,797.969935967678,336311.571,1.47957269404618,476.930159755861,8.99692096249865,14.111433813,285868610016.591,1220.0,43.7,1.19345788416355,227303175.0,3.76256106845937,109332827.175
IDN,2006,4365.8,1.3479426023157,252.349847783184,816.530555927704,338134.07,1.47066895825503,454.5121858097,8.94196499945696,14.111433813,364570525997.054,1370.0,41.9,1.14404036365813,229918547.0,3.44582714877754,113165908.8334
IDN,2007,4464.7,1.60342415219946,238.022537955153,810.078588156178,368617.841,1.58571398237713,465.92475356676,8.89537541372506,14.111433813,432105253653.315,1600.0,40.3,1.10005754356603,232461746.0,3.35005201799203,117021242.9364
IDN,2008,4694.2,1.82633608534561,228.682481675057,816.352793908814,406028.575,1.72814037338161,484.098826164989,8.85835657568211,14.111433813,510226662255.498,1950.0,38.5,1.06519590631154,234951154.0,3.26567762095436,120905863.8484
IND,1991,1926.3,0.0274882905847983,308.585808396461,380.237682480699,737851.738,0.851501665262599,691.04494854828,10.1853642689809,5.02332898715,267523504823.545,350.0,111.9,1.98311321973801,866530000.0,2.84215794024183,222871516.0
IND,1992,2024.8,0.112607969529573,304.218617537852,388.103150015688,783634.233,0.887647929761526,695.79189460707,10.2987414209676,5.18445342107,245553170107.802,330.0,108.7,1.86257314480604,882821000.0,2.71430109669396,229003767.4
IND,1993,2084.8,0.199382436194323,297.01622640808,389.693102301827,814297.687,0.905450271257793,690.115942983425,10.4147640073877,5.18803863975,276037365895.65,310.0,105.6,1.85264676569023,899329000.0,2.69718153576026,235264466.4
IND,1994,2115.5,0.300851000211093,289.282703536053,397.566309598044,864931.623,0.944560944286156,687.294514200482,10.5389136362793,5.19152515482,323506143586.02,330.0,102.6,1.80365942221691,915697000.0,2.64112149223396,241560868.6
IND,1995,2111.7,0.601637434424487,283.874335945985,412.243109699843,920046.633,0.9869838797228,679.6460313180311,10.6678876397262,5.22862538279,356298991324.313,380.0,99.5,1.78404051588515,932180000.0,2.61454736573364,247959880.0
IND,1996,2180.9,0.624718697594295,272.441450400986,418.103624320818,1002224.103,1.05635283396467,688.332464680328,10.8024526662123,5.24368068433,388343910827.918,410.0,96.6,1.76287306912228,948758852.890549,2.58653927571018,254457124.345245
IND,1997,2228.5,0.870576296347696,272.074544855048,426.968060607118,1043939.895,1.08132320275947,689.045728183163,10.94142493947,5.28855938948,410915167039.78,420.0,93.6,1.74170562235941,965428183.114848,2.5586429544825,261051780.714255
IND,1998,2248.4,0.632945633439934,262.453144454204,429.917531900739,1071911.771,1.09135706685601,666.244273994411,11.0863242011676,5.30690440181,416252442323.143,420.0,90.9,1.72053817559652,982182462.141349,2.53085568495884,267742939.179732
IND,1999,2313.6,0.481399696122763,259.496724643519,448.784606341533,1144390.026,1.14551720290261,662.362206670287,11.236879271244,5.31763650573,450476199267.528,440.0,88.2,1.69937072883366,999016010.49748,2.50317483740985,274529599.684708
IND,2000,2294.1,0.778869460739354,254.378784618441,450.048089274482,1186663.202,1.16806411706399,660.2199576808599,11.3937608460484,5.3334339278,460182031503.095,450.0,85.5,1.6782032820708,1015923000.0,2.47559786598522,281410671.0
IND,2001,2423.0,1.14512090062657,245.620705245812,449.894203817706,1203843.097,1.16597974007201,636.569139207797,11.5604675125049,5.33465810438,477848859030.569,460.0,82.9,1.61597492095966,1032473426.104,2.33540248436235,288060085.883017
IND,2002,2187.3,1.10925688878971,243.32961521357,455.356051530235,1226791.183,1.16988703463097,625.155108894381,11.7326397482649,5.33465974271,507189954396.398,470.0,80.5,1.55374655984852,1048640720.5863,2.26803531108655,294668042.484752
IND,2003,2399.4,0.721105269931709,230.172804218954,459.880757723353,1281913.527,1.2043547530858,602.786061683717,11.9045058519288,5.33465974271,599461389810.148,530.0,78.0,1.49151819873739,1064398611.55152,2.20074102968657,301224807.069082
IND,2004,2350.0,0.799821385108415,225.229446015255,480.341371372805,1346595.74,1.24716986899132,584.791141094155,12.070476687021,5.33465974271,721573248762.032,640.0,75.6,1.42928983762625,1079721193.94537,2.13351810016753,307720540.27443
IND,2005,2411.5,0.912002246475218,213.686293171305,491.427852433301,1411127.606,1.28919196260128,560.575983454047,12.2283197345473,5.33465974271,834035801005.139,750.0,73.2,1.36706147651513,1094583000.0,2.06636502561219,314145321.0
IND,2006,2446.5,2.13761233156462,205.403807490015,509.095704524135,1504364.748,1.35551418045856,546.906546841029,12.3655723151883,5.33465974271,951339358745.926,850.0,70.9,1.38163945975815,1109811147.4504,2.35252087245425,321623270.531126
IND,2007,2583.3,2.05103939921608,197.488866846228,530.373658781287,1612383.567,1.4335012506024,533.77563707564,12.4876429370632,5.33465974271,1242426253335.13,1000.0,68.7,1.34038183992227,1124786997.09709,2.30192770986644,329112675.350608
IND,2008,2672.6,3.57611636199331,195.293835887226,543.020423539192,1742697.746,1.52872925967118,549.7977391133551,12.5914355798001,5.33465974271,1213782569748.83,1080.0,66.8,1.34038183992248,1139964931.64188,2.29276999104805,336745640.807011
IRN,1995,1890.3,0.0187163871910912,232.496264728701,1564.40362899721,284918.566,4.76794388028846,708.595353562117,24.0927816560887,5.55005961223,90829495171.4392,1250.0,51.7,1.60786639719644,59757114.0,2.90406908158556,35973782.628
IRN,1996,1845.9,0.0235137843268073,219.941483343347,1557.42248800745,286645.723,4.71335179874482,665.626439914362,24.0442720649406,5.76172984882,110573439131.013,1550.0,49.5,1.55741244697214,60815686.0,3.07610144914119,37097568.46
IRN,1997,1859.7,0.0503329950394802,211.377046144814,1518.96570341436,290617.084,4.69072164915174,652.753965580981,23.9528999174088,5.76195241842,105298720965.1,1730.0,48.4,1.85723486259872,61955730.0,3.16018489163209,38288641.14
IRN,1998,2159.5,0.0233777114123521,236.123895201492,1710.79096913958,316176.074,5.00809265742219,691.218487314823,23.8523171198241,5.76194220266,102661888397.335,1700.0,47.7,1.8824021360631,63133032.0,3.16859350030391,39521278.032
IRN,1999,2047.7,0.0334428858037396,283.299483229614,2055.00706482515,316671.119,4.92656284491127,679.1668661150469,23.7748063277398,5.76195492981,104656040167.701,1630.0,46.3,1.79780835205489,64278307.0,3.06766668576761,40752446.638
IRN,2000,1833.3,0.0385046321404976,263.65207768449,1978.10643971788,339241.504,5.19175794786224,691.983880293148,23.7376041092144,5.87902599091,101286514977.457,1630.0,43.9,1.64176941937627,65342319.0,2.8957043446498,41949768.798
IRN,2001,1931.0,0.939440537217563,271.342306681534,2079.60063608717,357085.126,5.38479857956035,702.5982019040459,23.7415193241116,6.87359332985,115438386681.929,1670.0,41.1,1.47543987876973,66313553.0,2.31304365898801,42931394.2122
IRN,2002,2274.5,3.14124791416148,259.673733761186,2111.11510670951,375211.107,5.58243114225926,686.656418481426,23.7790363003503,7.06778178166,116420833373.676,1700.0,39.0,1.34701538797184,67212850.0,2.17766160374714,43876548.48
IRN,2003,2382.0,1.99237231007023,249.874681884312,2148.84304600407,412317.48,6.05799605784135,704.444114996872,23.8411547053008,7.07915553214,135409681532.108,1920.0,37.1,1.25501237717411,68061695.0,2.07881566310834,44798207.649
IRN,2004,2415.1,1.75424126001039,259.895697955935,2320.29908036226,442471.221,6.42255594203229,719.387717446717,23.9162785049576,7.07982273031,163226579221.096,2190.0,34.9,1.21446915018588,68893323.0,2.03154133089087,45717609.1428
IRN,2005,2299.3,1.63299011770034,273.597080361916,2524.81845245039,458866.378,6.58042694798674,713.075270325569,23.9943631623854,7.07982273031,192014940324.054,2550.0,33.2,1.21001585047526,69732007.0,2.02046603166917,46650712.683
IRN,2006,2575.2,0.738767075822985,268.293686294039,2590.22754017216,492349.755,6.97556253863055,722.523160007559,24.0754984203782,7.07982273031,222880533511.287,2940.0,31.4,1.21169496598512,70582086.0,1.98596923315832,47586442.3812
IRN,2007,2451.8,0.583649605725185,266.099795834861,2736.97627193696,506346.694,7.08816636233151,689.139924667709,24.1620055619966,7.07982273031,286057933325.518,3520.0,30.0,1.20185437402546,71435498.0,1.97017966667776,48533277.3412
IRN,2008,1897.1,0.477678804769415,275.321770608529,2862.74582496597,538403.608,7.44790273292347,716.294736984891,24.2559385455862,7.07982273031,338187289004.755,4100.0,28.5,1.18810825798017,72289291.0,1.95057529494031,49489248.6186
ISR,1991,2644.1,0.584076926568133,128.421771913153,2326.41200242473,34315.786,6.93388280460699,382.761744298809,54.9453020812285,17.2025729267,59170288069.8687,11490.0,10.9,6.01700840350778,4949000.0,6.1275671139944,4478845.0
ISR,1992,3269.2,0.894768310232189,139.725006672841,2582.81573296896,41499.439,8.10061272691782,438.226449093841,55.3548701932461,18.7425987563,65771216221.0222,12590.0,10.4,3.45546668066961,5123000.0,3.56590313303694,4641438.0
ISR,1993,3015.8,0.917549723960053,138.779674391927,2636.86390420072,45148.104,8.58165823987835,451.657643147917,56.2114616992967,18.7426350001,65925582472.9926,13070.0,9.8,2.65809161141794,5261000.0,2.76840618637621,4771727.0
ISR,1994,1885.6,0.591404401575935,138.425783663733,2740.56936469717,47120.95,8.72771809594369,440.835846955712,57.1280237080941,18.742671096,74669718186.6171,13830.0,9.2,2.58926268534896,5399000.0,2.69945569736365,4902292.0
ISR,1995,3133.6,1.40561342209709,136.094828832799,2798.57060414788,54234.93,9.78087105500451,475.644948922712,58.0179260595131,18.7427071298,96064819727.2782,14080.0,8.7,2.66828678823211,5545000.0,2.77835851423662,5040405.0
ISR,1996,2797.4,1.32589695353047,132.494946230917,2803.60523541813,54399.945,9.55726370344343,451.664565504915,58.3238229093465,18.7427431064,105370179506.027,16130.0,8.3,2.61650577740933,5692000.0,2.72645647586923,5179720.0
ISR,1997,1967.4,1.50733648102029,135.812831195726,2883.23029472241,63402.43,10.8640215901302,511.743211434705,58.0634852638794,18.7427790305,108389866534.253,17180.0,7.8,2.49839488562866,5836000.0,2.60822481819958,5316596.0
ISR,1998,2470.1,1.5810847598065,133.472219737215,2887.95059454028,62779.04,10.5139909562887,485.924417781202,57.9284541952772,18.742814883,109886581932.054,16840.0,7.5,2.28687854611497,5971000.0,2.39658797186894,5445552.0
ISR,1999,1668.3,3.74580384049348,125.731804351224,2739.6053877551,62155.65,10.1478612244898,465.727256839144,57.8351510204082,18.742814883,110790638717.837,16490.0,7.2,2.5464337258973,6125000.0,2.65602293865725,5592125.0
ISR,2000,2443.2,6.4509420710129,125.221446004439,2901.71442200668,62691.032,9.96836253776435,430.177677654474,57.8821434250278,18.742814883,124749221298.408,17840.0,6.9,2.64233174630955,6289000.0,2.75180099897572,5748146.0
ISR,2001,2439.7,1.43938873732007,131.501773294016,2974.99534089144,65749.31,10.2111057617642,451.354829538114,57.9579127193664,18.742814883,123059181586.894,18030.0,6.6,2.35711715071886,6439000.0,2.4008714021131,5887821.6
ISR,2002,2667.1,1.40031535990437,132.705399225391,2922.800304414,63145.74,9.61122374429224,436.383314352563,58.1033942161339,18.742814883,113010257925.619,17260.0,6.4,2.01405839404727,6570000.0,2.0577933608498,6010236.0
ISR,2003,3306.5,2.79385414589104,135.184881513979,2968.33535136105,65122.253,9.73470454579428,443.3410396144701,58.1377939219995,18.742814883,118903844887.025,17350.0,6.1,1.80551975888109,6689700.0,1.84923560657184,6122413.44
ISR,2004,3067.1,2.32326710172205,127.659946805011,2891.64708474078,63200.745,9.28194228227346,409.777619217468,57.9598472609781,18.742814883,126842927264.614,18800.0,5.8,1.76762364154994,6809000.0,1.81132038683777,6234320.4
ISR,2005,2952.3,3.5892081659751,124.835876610312,2919.92510930578,59211.049,8.54403962424785,365.284257766393,57.7835384770783,18.742814883,134246880570.41,20250.0,5.6,1.76289766113006,6930100.0,1.80657532070191,6347971.6
ISR,2006,2397.6,10.4876031237978,122.027129984496,2964.01037753236,65778.646,9.32541021024427,383.9234344488379,57.6067737499468,18.742814883,145843619552.045,21130.0,5.3,1.76780587358185,7053700.0,1.789637551433,6462599.94
ISR,2007,2749.7,5.26865127476276,119.014266545649,2990.87756437933,36816.68,5.12759989415189,204.039626299004,57.4264703834208,18.742814883,166989605900.538,22610.0,5.1,1.7761008691798,7180100.0,1.79792778184965,6579843.64
ISR,2008,2442.9,5.38051559698817,118.602996037868,3052.8415061296,37663.757,5.15320668235552,200.202254359608,57.2482897329247,18.742814883,202101449275.362,24700.0,4.9,1.7765791059698,7308800.0,1.79840125553812,6699246.08
JOR,1991,985.4,-0.283483070844501,316.935488237542,950.193229901269,9798.224,2.76395599435825,921.913264557816,24.7319322990127,8.35106263109,4193336133.68857,1120.0,37.2,11.1806565039193,3545000.0,12.8290461816591,2602030.0
JOR,1992,1294.5,0.766783022958333,300.037590286347,1013.67104205733,12266.115,3.2858598982052,972.585232261446,24.1840075006697,8.35127006052,5310833151.19136,1330.0,36.3,5.16740366873941,3733000.0,6.78906115376011,2784818.0
JOR,1993,1743.3,-0.598463695465335,284.517072866705,961.22085621643,12101.1,3.09813488674559,917.034065191572,23.7978879865611,9.41065052996,5605775321.54374,1370.0,35.5,4.528387378093,3905930.64613513,6.12416620772425,2960695.42977043
JOR,1994,1352.5,0.0457689514801539,290.605749755225,991.423507695986,13633.906,3.35741048713152,984.123116181039,23.5690166650231,9.41085894947,6237267189.00443,1450.0,34.8,3.88937108744658,4060839.76095769,5.46008425342651,3126846.61593742
JOR,1995,997.8,0.197817608147906,291.837713010153,1023.41358760429,13556.899,3.23168033373063,921.549419705869,23.2005482717521,9.41106786959,6727454310.64623,1560.0,33.7,3.25035479680021,4195000.0,4.79677757167653,3280490.0
JOR,1996,1196.0,0.223927691428536,293.387734484722,1018.74523848885,14187.623,3.28034112939865,944.703166140845,22.6563423039529,9.41127728141,6928490840.94834,1560.0,32.8,3.05292050348228,4325045.0,3.07849268109253,3383050.199
JOR,1997,1076.6,4.97969774022414,290.140913777038,1009.49998917892,14418.644,3.23351681256482,929.346738749386,22.1244929798553,9.41148719161,7248048122.68007,1580.0,31.9,3.05292050348228,4459121.395,3.07848614340169,3488816.579448
JOR,1998,1182.7,3.91722859734495,291.266650644689,1012.54513420629,14543.322,3.16337973637273,909.971308343522,21.6051028842389,9.41169759351,7914118276.94914,1590.0,31.0,3.05391763193643,4597400.0,3.07947673750689,3597925.24
JOR,1999,3011.0,1.93790313688796,280.834775072033,991.464800769149,14568.991,3.11269971156928,881.6796347053339,21.3659651746608,9.41169759351,8151541084.4784,1650.0,30.2,1.79140155214828,4680500.0,1.81695412670918,3663895.4
JOR,2000,1726.2,10.7900480288197,282.046866983251,1012.69431995831,15507.743,3.23246336633663,900.27775128719,20.9869723814487,9.41169759351,8463892909.23297,1790.0,29.4,2.46900070700557,4797500.0,2.49454675389376,3756442.5
JOR,2001,1373.5,3.04693504649485,265.254960302684,978.121809862735,16002.788,3.25425277071683,882.514509754698,20.614011184545,9.41169759351,8980439920.0,1840.0,28.4,2.47053223813592,4917500.0,2.47053223813592,3850402.5
JOR,2002,1293.6,2.4855707865003,263.397687662454,1002.8938070663,16886.535,3.35183306867805,880.317610398788,20.2579198094482,9.41169759351,9584232160.0,1880.0,27.6,2.42089066493414,5038000.0,2.42089066493414,3944754.0
JOR,2003,1417.8,5.3636069676683,258.512747635796,1000.39891556933,17469.588,3.38295662277304,874.188684209114,19.8981603408211,9.41169759351,10197756160.0,2000.0,26.8,2.47022950539776,5164000.0,2.47022950539776,4043412.0
JOR,2004,1310.7,8.20945009288033,286.291470432836,1174.07504725898,19240.749,3.63719262759924,886.908573718429,19.5566162570888,9.41169759351,11411390546.8544,2280.0,26.0,2.4106772885812,5290000.0,2.4106772885812,4142070.0
JOR,2005,1524.8,15.7640632796464,284.324010024113,1232.39600850042,21026.578,3.88553598817333,896.425471707517,19.2474729742216,9.41169759351,12588665467.813,2490.0,25.2,2.27080728828561,5411500.0,2.27080728828561,4237204.5
JOR,2006,966.5,22.6519652538498,270.40123555523,1236.47661188369,20733.218,3.74448582264764,818.8699917424769,18.9562217807477,9.41169759351,15645466528.1045,2750.0,24.5,2.2926519087766,5537000.0,2.3437244328694,4337685.8
JOR,2007,733.8,14.7598561575785,262.183206886754,1271.93341575415,21495.954,3.79653020134228,782.577492580578,18.7150653479336,9.41169759351,17765381659.8841,3110.0,23.8,2.23243488488778,5662000.0,2.28348133826779,4437875.6
JOR,2008,943.6,12.4543185275992,238.90843283965,1220.26853291861,21382.277,3.69488111283912,723.396721610039,18.531311560394,9.41169759351,22696902203.5919,3670.0,23.1,2.18368359019938,5787000.0,2.23470399946943,4538165.4
JPN,1991,5415.6,0.0368954134176765,133.147409196308,3583.48175853972,1100598.712,8.88145441047119,329.99823197963,46.4162861823258,13.2928076004,3484769502927.47,27870.0,6.2,0.310355945838531,123921000.0,0.784665135439796,78565914.0
JPN,1992,5876.7,0.0727053399708768,135.167357939088,3658.54782699692,1123660.475,9.04507381529272,334.17595936710796,46.5500044273076,13.3986001395,3796114212803.18,29740.0,6.1,0.248237080928634,124229000.0,0.720307194422393,79133873.0
JPN,1993,4429.3,0.0027286929508037,135.843267084215,3674.05275582964,1108673.446,8.90243340078371,329.155763004012,46.6845827712469,13.7874386427,4350012320387.63,32680.0,6.0,0.246819412580702,124536000.0,0.716671490736136,79703040.0
JPN,1994,6448.6,0.0190770229790307,142.255254485585,3867.50050015605,1174169.733,9.39628950632597,345.616388385393,46.7764718592201,14.617547206,4778992405667.67,36040.0,5.8,0.340685788662686,124961000.0,0.808340577052863,80349923.0
JPN,1995,6003.1,0.0007471345429563,143.372286922749,3956.08103540366,1184088.968,9.43956000924752,342.098984818254,46.8497851545373,15.0439782662,5264380244015.5,40650.0,5.6,0.381789601137122,125439000.0,0.847267555635352,81033594.0
JPN,1996,6154.7,0.0044725797136239,142.734140130167,4031.99138842725,1205782.94,9.5878924308808,339.415303740546,46.9359244916946,15.1428044794,4642544385824.12,41430.0,5.4,0.256369567168004,125761000.0,0.441955763336038,81392519.2
JPN,1997,6061.4,0.075086705176783,142.031585471867,4064.21340936308,1201778.576,9.53104167624969,333.080186526999,47.003365030018,15.6009785995,4261842006299.65,38670.0,5.2,0.262058819350838,126091000.0,0.447301231074755,81757404.4
JPN,1998,5809.4,0.0847311812958202,142.398075892811,3981.14327980381,1159186.371,9.17005277272368,327.99569844563297,47.0757171109881,15.6631251875,3857027943100.85,32990.0,5.0,0.252672401073167,126410000.0,0.437572299667844,82115936.0
JPN,1999,5998.9,0.281738169956082,145.17412532071,4045.35191472562,1197880.555,9.45819624950651,339.42297149365703,47.1780276352152,15.7564734454,4368734790196.9,32370.0,4.7,0.1896783940218,126650000.0,0.374237043763272,82423820.0
JPN,2000,6256.9,0.176267612225771,142.956144622652,4090.37645621502,1219592.862,9.61293341215417,335.966117990876,47.2885851659179,15.7564734454,4667448302100.39,34620.0,4.5,0.173556370482271,126870000.0,0.357775028659289,82719240.0
JPN,2001,6107.2,0.151165786154759,140.446794823996,4017.1526240867,1202266.287,9.45557013425194,330.5835358673,47.4222557786534,15.8108653795,4095484283985.13,35120.0,4.3,0.21966869579939,127149000.0,0.464766857713415,83104586.4
JPN,2002,6085.6,0.231915887952938,139.96938120563,4004.67398485621,1216761.938,9.5473493507003,333.694224754598,47.566024559614,16.225595991,3918335087887.2,33240.0,4.2,0.232527187105684,127445000.0,0.477026086412317,83501964.0
JPN,2003,5451.1,0.14750784310254,136.891135219592,3963.47465509952,1237242.133,9.68729648914014,334.58142892397603,47.7193559247718,16.3046454256,4229096852937.24,33420.0,4.0,0.213980948779682,127718000.0,0.457883508715584,83885182.4
JPN,2004,5942.5,0.169498720874741,137.513844748679,4089.39036169097,1259658.504,9.85949158193815,331.544918626678,47.9602210377189,16.3046454256,4605920900612.79,36690.0,3.9,0.0336622582725446,127761000.0,0.276971380736685,84117842.4
JPN,2005,6154.2,0.0705950502240743,134.401185274725,4073.74569744782,1238188.219,9.69053101202915,319.71039693866,48.213568594304,16.3046454256,4552200185087.74,38950.0,3.8,0.0093920965576633,127773000.0,0.252110662318772,84330180.0
JPN,2006,5852.5,-0.155494364249186,131.528368506334,4068.51785434735,1231770.969,9.64158997620464,311.69645673845696,48.4798984000752,16.3046454256,4362589532154.19,38590.0,3.6,-0.0133057304846711,127756000.0,0.22882513841637,84523369.6
JPN,2007,6062.1,0.50663205945327,127.353504533232,4031.99408315283,1251187.734,9.79244258955982,309.30151582607004,48.7253749390999,16.3046454256,4377943849041.22,37760.0,3.5,0.011544779571133,127770750.0,0.2530907907315,84737561.4
JPN,2008,6262.6,0.503125186648973,123.947255359661,3880.45101783781,1208162.823,9.46064684406225,302.186834689629,48.9833164244451,16.3046454256,4879861453767.94,38000.0,3.4,-0.0522243322060911,127704040.0,0.188739639809252,84897645.792
KAZ,1993,988.6,5.4312380184117,735.969847353114,3997.10827894539,221105.432,13.5394830925201,2492.96506610303,6.71817422274019,2.42648377461,23409027475.6879,1430.0,53.2,-0.663278466644735,16330419.0041162,-0.805880986354133,9154832.89370755
KAZ,1994,839.5,3.10434798356896,746.921065572285,3597.26979614791,199488.467,12.3942840208194,2573.49388632159,6.85192524987635,2.42647998519,21250839258.0901,1310.0,51.6,-1.45085403383215,16095198.9372608,-1.59366019876564,9010092.36507857
KAZ,1995,580.7,4.73243088842391,730.440067118993,3286.51428302829,166731.156,10.5421784740753,2343.03851711504,7.00942835404008,2.42647619391,20374307047.115,1280.0,50.2,-1.75225620523454,15815626.3821576,-1.89526659785993,8840935.14762611
KAZ,1996,722.8,5.40518497016959,631.714670080066,2900.11758039189,140691.789,9.03150237635222,1967.27628651308,7.15358559777403,2.51962356222,21035357832.8019,1340.0,48.9,-1.51455883123885,15577894.256927,-1.37154843861347,8720505.20502775
KAZ,1997,871.3,5.96140056843242,540.253972845183,2562.56723489465,129580.779,8.45071661174536,1781.62475532936,7.30537820561179,2.51962091315,22165932062.966,1390.0,47.6,-1.57996556628312,15333703.0400357,-1.43715940134962,8596073.92424401
KAZ,1998,561.1,5.20165906681911,549.476694605838,2601.30882370125,125063.035,8.29809200016851,1752.81309248786,7.47135940931048,2.51961826371,22135245413.2312,1390.0,46.4,-1.72609375195581,15071300.1250722,-1.58349123224638,8461027.89021551
KAZ,1999,1303.8,9.40677613491902,488.772317771202,2399.14438066977,116493.256,7.80345209460659,1589.77983885764,7.62959880120693,2.52093453333,16870817134.7767,1290.0,45.1,-0.952511041847735,14928425.8540544,-0.810111587382807,8392761.01514939
KAZ,2000,942.7,7.01139873647556,442.244220258082,2390.66958548945,127769.281,8.58455332054165,1588.03588440249,7.78992296635242,2.52093453333,18291990619.137,1260.0,43.9,-0.300548838413813,14883626.0,-0.158351871687937,8379481.438
KAZ,2001,1216.5,12.7975370548457,377.341465389955,2319.13690194763,147908.445,9.95457734665425,1619.68653086828,7.94286170018377,2.52093453333,22152689129.5583,1350.0,42.8,-0.170069526322763,14858335.0,0.113719241647118,8389015.941
KAZ,2002,1145.8,10.5136979907423,395.139701672179,2666.41009848073,151945.812,10.2258795171771,1515.38991847327,8.08489941549025,2.52093453333,24636598581.0204,1520.0,41.6,0.0041255453945045,14858948.0,0.287111231235507,8413136.3576
KAZ,2003,1077.7,6.78487916267315,391.777907344911,2879.88653042833,153815.982,10.3169753824849,1403.51468114188,8.20217614586178,2.52093453333,30833692831.3955,1800.0,40.3,0.336408913793247,14909019.0,0.618596049900419,8465340.9882
KAZ,2004,884.6,9.63395090516149,420.229741470894,3362.13247146603,172158.316,11.4672949761353,1433.28629793418,8.29158280592319,2.52093453333,43151647002.6096,2300.0,39.4,0.694909484311257,15012984.0,0.97630256481787,8548393.0896
KAZ,2005,997.4,3.4507894366152,385.073258956012,3349.79004793613,177233.444,11.7008717683184,1345.06723107283,8.36531045131029,2.52093453333,57123671733.8952,2930.0,38.2,0.888898042702025,15147029.0,1.16950152390936,8648953.559
KAZ,2006,1170.0,7.75045482897389,420.920208501542,4010.77424119346,192121.464,12.5503264451432,1317.12375376186,8.42566526120021,2.52093453333,81003864915.5147,3860.0,37.4,1.05767130866502,15308085.0,1.54684069779044,8783779.173
KAZ,2007,1327.4,10.6043562657756,416.121247785685,4268.82674924207,227401.671,14.6860534279089,1431.5827829165798,8.47915086560539,2.52093453333,104853480212.158,4970.0,36.2,1.14385123349431,15484192.0,1.63063939919803,8928185.1072
KAZ,2008,1012.2,10.7326052259061,421.992319964671,4417.7612235397,236954.206,15.1176611661134,1444.06557645876,8.52682203182481,2.52093453333,133441571813.622,6140.0,35.1,1.21835922955562,15673999.0,1.70278924265046,9081515.0206
KOR,1991,5735.4,0.382821955023616,187.227930139122,2309.83271701951,268431.734,6.20393209762411,502.87163949285,51.0745285199223,2.1792551792,308185041249.063,6980.0,7.0,0.926437776565327,43268000.0,2.11179648327484,32312542.4
KOR,1992,6066.9,0.22077332760186,196.246038169709,2540.15550924123,286568.716,6.56319345899274,507.05585125904696,51.0692531433937,2.17924395681,329885864343.816,7700.0,6.6,0.908772977371698,43663000.0,2.08024537335038,32991762.8
KOR,1993,5502.8,0.162397665781946,207.398787755986,2823.75998728891,317085.49,7.19732817323407,528.627484251561,51.0932676593427,2.17923273361,362135746944.573,8330.0,6.4,0.896049041842031,44056000.0,2.05395671571838,33676406.4
KOR,1994,5987.1,0.19105684401493,202.898017497192,2971.5239241446,340352.605,7.65645974399928,522.789162315666,51.1421478865318,2.17922150958,423434190055.386,9270.0,6.2,0.897089928583474,44453000.0,2.04174342538925,34371059.6
KOR,1995,5849.9,0.343403160232847,203.673347477588,3210.16006919034,370781.371,8.22259266404985,521.694537573041,50.9445479342692,2.17921028474,517118129837.8,10770.0,6.1,1.42945725731837,45093000.0,2.56115657843191,35262726.0
KOR,1996,6486.4,0.417004690630598,206.816247617834,3454.73304777595,401030.454,8.80901601317957,527.3483108120511,50.6742778693026,2.1791990599,557643607433.65,12070.0,6.0,0.95346017944728,45525000.0,1.31087695003151,35728020.0
KOR,1997,6655.2,0.550899471591099,215.155674965738,3726.08262610437,423175.467,9.20867534926231,531.737741517111,50.2517713365539,2.17918783424,516282942110.187,12190.0,6.0,0.937927054183982,45954000.0,1.29407090556569,36193370.4
KOR,1998,6088.5,1.56681880625355,210.897991041777,3377.52422926524,363839.74,7.86051677576857,490.823184093165,49.9480026789379,2.17917660777,345432412375.842,9200.0,5.9,0.72202479734871,46287000.0,1.07690476421748,36585244.8
KOR,1999,6367.4,2.09551293107681,213.018670657794,3708.67078533582,395005.573,8.47342327906128,486.696573328494,49.6593989317202,2.17917659877,445399303511.045,9220.0,5.8,0.710413734370836,46617000.0,1.0640387555691,36976604.4
KOR,2000,6435.7,1.74047206466458,213.605338942026,4000.91880105514,432460.311,9.19971730343771,491.164362609254,49.3186542716133,2.25879334677,533384027728.655,9910.0,5.8,0.835251851875999,47008000.0,1.18763077175019,37418368.0
KOR,2001,6560.4,0.699127902296416,208.59550432218,4032.39200118251,440216.016,9.29569052093671,480.86576197678,49.0053022784382,2.39759546759,504585783003.741,10890.0,5.7,0.73968439833352,47357000.0,1.04073831362067,37809828.8
KOR,2002,6087.2,0.41538112751442,202.450574350367,4170.09176431061,465584.322,9.77666460879425,474.63976265963896,48.7707362143547,2.39759546759,575928909990.488,11830.0,5.6,0.558019536199141,47622000.0,0.858169836574815,38135697.6
KOR,2003,5728.7,0.547639946333901,200.946140636253,4234.04160137069,465771.339,9.7321577759669,461.884820524802,48.5692388056583,2.39759546759,643762388701.001,12680.0,5.5,0.496434865017666,47859000.0,0.795686958663055,38440348.8
KOR,2004,6496.6,1.28068101024474,197.350441002849,4334.0494598139,482276.506,10.0392703012136,457.13701231651,48.4292699681509,2.39759546759,721975255823.7,14830.0,5.4,0.375399302147923,48039000.0,0.673758548836702,38700218.4
KOR,2005,6376.1,0.746689104343286,191.569418572553,4364.57779716648,462918.413,9.61648620632349,422.085424265401,48.3735884332544,2.39759546759,844863004335.43,16900.0,5.3,0.205870499112463,48138000.0,0.503342210786748,38895504.0
KOR,2006,6401.4,0.376812348650962,185.103219668424,4421.0523220904,470820.798,9.74844810236661,408.153760475153,48.2602873884506,2.39759546759,951773478984.908,18950.0,5.2,0.329756092869298,48297000.0,0.601663317618787,39130229.4
KOR,2007,6109.3,0.170066608752909,183.223330426772,4584.49845220406,498205.954,10.2816153623906,410.913391836482,48.1543028727093,2.39759546759,1049235951186.97,21200.0,5.1,0.328672275037912,48456000.0,0.599842168801854,39365654.4
KOR,2008,7072.8,0.355453313540879,182.976758235433,4669.0063982554,509170.284,10.4752460345218,410.521296743471,48.0662949780896,2.39759546759,931402204981.625,21580.0,5.1,0.311138377786733,48607000.0,0.581574928594995,39595262.2
MYS,1991,2787.4,8.13786902447564,195.396126959973,1376.55094614677,68591.235,3.66645625503066,520.439402483817,8.0631452999165,16.9737657278,49133852000.2501,2530.0,17.1,2.70472363760648,18707774.0,5.04656512934271,9537223.1852
MYS,1992,2953.1,8.76288274107832,202.305370325174,1511.75257641772,75298.178,3.92094547374213,524.707771935714,8.06550709752565,17.4484615594,59151288902.9546,2850.0,16.1,2.61839615673617,19204087.0,4.90664802377896,10016851.7792
MYS,1993,3003.0,7.48289692345401,202.653058410664,1622.19772407485,91722.671,4.65567466410656,581.610179600216,8.07248245962708,17.7434242959,66894450252.19,3200.0,15.3,2.55596243993858,19701263.0,4.79302255348565,10508653.6842
MYS,1994,3031.8,5.8294217818071,184.092435000743,1569.21599255963,94010.879,4.65274951119614,545.836896275493,8.08536965726963,17.7577796557,74480816088.3673,3560.0,14.5,2.52694266669342,20205446.0,4.71505147413978,11016009.1592
MYS,1995,3119.1,4.70350555106619,196.19252108532,1791.05242507412,121132.011,5.84591099479219,640.363174216526,8.1023039157253,17.7577893783,88832452511.7438,4010.0,13.8,2.51863372603386,20720810.0,4.65988773652447,11541491.17
MYS,1996,3199.9,5.03552312490587,182.398090137976,1786.30869282785,125374.73,5.90079202330746,602.523628572191,8.12387025769444,17.7581395513,100851784847.524,4450.0,13.0,2.50820003084443,21247102.0,4.74511204789266,12102349.2992
MYS,1997,3023.2,5.12785630234216,197.379924052548,2023.68496309643,124821.013,5.73059792624924,558.933334034397,8.15034355532647,17.7581480741,100168847815.19,4580.0,12.4,2.48404301465222,21781499.0,4.67201013602789,12681188.7178
MYS,1998,2843.2,2.99742641402247,201.974296832623,1871.90266945632,114186.713,5.11533112318147,551.933294144338,8.18333634375585,17.7581566029,72175310308.0352,3610.0,11.8,2.45318691720933,22322448.0,4.59430524465706,13277392.0704
MYS,1999,2910.3,4.92146653192442,185.891847731835,1784.99160693831,107934.478,4.71995379683604,491.543449892011,8.2234206521356,17.7678176128,79148423191.0766,3350.0,11.2,2.41325381691432,22867698.0,4.50948761947916,13889839.7652
MYS,2000,3039.5,4.03842857326204,197.757665713718,2018.84487358033,126603.175,5.40694712928417,529.642102232664,8.27181946340257,17.8628440679,93789738019.0115,3420.0,10.6,2.36476091428649,23414909.0,4.41795345703538,14517243.58
MYS,2001,3108.1,0.597029310760349,207.806213746439,2083.49516564439,136716.761,5.70494150522973,569.006500900633,8.32368682150241,17.8828407627,92783948532.7063,3510.0,10.0,2.32056615263815,23964621.0,4.11089530189087,15126468.7752
MYS,2002,3232.1,3.17656234189575,200.744573503381,2073.54853125941,135128.95,5.5120199721619,533.6301908408681,8.38396051318598,17.8828407627,100845527581.234,3740.0,9.5,2.27197328664444,24515323.0,4.03081259673317,15748643.4952
MYS,2003,3347.2,2.24419665306425,206.074328033756,2202.85597264569,160266.235,6.39525372199981,598.267716878311,8.45470647781357,17.8828407627,110202369803.91,4100.0,9.1,2.19819411960888,25060184.0,3.926632210933,16379336.2624
MYS,2004,3314.8,3.70679757735513,189.837112953871,2122.03973098874,168040.275,6.56652209321969,587.439329302196,8.53919233082744,17.8828407627,124749475249.61,4660.0,8.6,2.09390604231883,25590453.0,3.79297604186337,17012533.1544
MYS,2005,3407.0,2.87708528746048,207.601115028041,2396.60484361045,183445.342,7.02849226564613,608.8291255874931,8.63824973876678,17.8828407627,137848284960.422,5110.0,8.1,1.97251957600448,26100241.0,3.64320282617703,17643762.916
MYS,2006,3389.4,3.88192352134191,200.346130423318,2403.37046688769,179418.976,6.74855334255588,562.562687177933,8.75404677606918,17.8828407627,156523433242.507,5610.0,7.7,1.84510085399926,26586287.0,3.19686989469937,18216923.8524
MYS,2007,3540.6,4.60248949673283,204.735711923808,2570.24354091964,194919.385,7.20558803025765,573.969420297277,8.88551026792141,17.8828407627,186642151162.791,6310.0,7.3,1.73336659734484,27051142.0,3.0671062869624,18784313.0048
MYS,2008,3602.1,3.32505060042792,205.359817030306,2655.20713978412,208267.265,7.57280213866566,585.697905937964,9.02834803916863,17.8828407627,221828443113.772,7150.0,7.0,1.65297976727125,27502008.0,2.96916471899753,19350412.8288
PAK,1991,1805.4,0.568544194836849,231.918102348852,384.025361654459,68242.87,0.593570578897112,358.465289049821,15.4969628538731,10.2782291029,45451961233.9905,410.0,122.0,2.75609977906238,114970102.0,3.53735375274174,35456779.4568
PAK,1992,1881.5,0.691843694812664,228.682852813803,397.340959288953,72789.95,0.616810127163219,354.994611621584,15.6004988818646,10.2782358338,48635242274.1568,430.0,120.3,2.60998222601624,118010303.0,3.38517990644804,36677602.1724
PAK,1993,1957.7,0.677094209410359,236.378697308893,407.5048222582,78008.091,0.644535617495889,373.871623870816,15.7165110790997,10.2937733025,51478354558.3299,440.0,118.7,2.52658122316724,121029915.0,3.29581578548281,37906569.378
PAK,1994,1839.1,0.811304164738998,237.094711167534,413.453156265026,84839.712,0.683519739321895,391.964392377143,15.8348310353852,10.2937784778,51894795657.7709,440.0,117.2,2.52257320869525,124121817.0,3.28593569420235,39172845.4452
PAK,1995,2042.0,1.19175194004056,235.821764504558,420.710481942318,84484.013,0.663417303907954,371.866749048293,15.9473743150324,10.2937836088,60636071684.1918,470.0,114.6,2.56499118026038,127346713.0,3.32257056110615,40496254.734
PAK,1996,2048.0,1.45605449462756,235.556255970986,429.177131736216,94447.252,0.722420056598076,396.504266390368,16.051477303655,10.2937886965,63320170084.4076,480.0,111.2,2.62766218552039,130737306.0,3.50431150673866,41940527.7648
PAK,1997,2043.3,1.14722858022912,238.964119197941,428.276140785177,94711.276,0.705453088590069,393.61981650748,16.1503558516348,10.2937937433,62433340468.0228,470.0,108.0,2.65580554119166,134255952.0,3.52483646038941,43445226.0672
PAK,1998,2195.1,0.813610045502484,237.523211033558,425.296997155946,97663.211,0.708689289961233,395.794367000814,16.257875382791,10.2937987627,62191955814.3478,450.0,104.6,2.61149553807472,137808222.0,3.47303932863623,44980603.6608
PAK,1999,2217.9,0.844795024739831,241.530110786409,437.342761436982,100384.125,0.710628382686245,392.456825932643,16.3861084755064,10.2937987627,62973855718.8874,450.0,102.0,2.47467085754991,141261069.0,3.32885542884621,46503143.9148
PAK,2000,2407.8,0.416484257775062,238.205816828431,439.5507853908,106449.343,0.7365605345925,399.164350554394,16.5409171208807,10.2937987627,73952374969.7995,470.0,100.5,2.28233420573116,144522192.0,3.12928421708852,47981367.744
PAK,2001,2230.8,0.52966585927889,237.989272960499,438.643521827671,108282.843,0.733832874167834,398.146429861851,16.7203510144665,10.2938055471,72309738921.3329,480.0,99.3,2.07876149518724,147557907.0,3.09764954244921,49490922.0078
PAK,2002,2261.3,1.13820521423852,233.326682583046,435.506835501977,114084.037,0.758500957021737,406.37367226155504,16.9144674562944,10.2938055471,72306820396.2325,490.0,97.8,1.9125873385074,150407242.0,2.9211986773865,50957973.5896
PAK,2003,2320.5,0.641481501535796,233.400762634727,448.607405666564,118895.141,0.776382542250012,403.935100420807,17.1114019635445,10.2938055471,83244801092.7096,540.0,96.3,1.80052880853887,153139895.0,2.79906867655826,52404472.069
PAK,2004,2430.7,1.14107520857784,232.749412756835,471.936345773137,131619.631,0.844473086518518,416.476960794666,17.2977496365233,10.2938055471,97977766197.6724,620.0,95.0,1.76067418346518,155860066.0,2.74934173064592,53865238.8096
PAK,2005,2615.7,2.00821167883212,223.869972505505,480.155288147131,136636.087,0.861266905565399,401.561334902439,17.4659901871886,10.2938055471,109600000000.0,710.0,93.6,1.77133282062547,158645463.0,2.75032134787812,55367266.587
PAK,2006,2554.0,3.35137254901961,220.179701296069,492.510073038928,145854.925,0.903051967403011,403.715016853892,17.6159825674816,10.2938055471,127500000000.0,780.0,92.3,1.79157207291049,161513324.0,2.98782672564827,57046506.0368
PAK,2007,2744.0,3.90441700403844,220.523918612257,512.018035435865,160882.291,0.978331405117106,421.363038460554,17.7518928509341,10.2938055471,143171182643.097,850.0,90.7,1.79921512924919,164445596.0,2.98132852880145,58772856.0104
PAK,2008,2653.7,3.31804526746275,213.390589976452,494.354537431047,163177.833,0.974531966715356,420.661560848539,17.8763475585715,10.2938055471,163891676021.598,940.0,89.6,1.80587713743074,167442258.0,2.97417971670011,60547120.4928
PHL,1991,2042.6,1.19777604773152,184.716072351448,457.326930947463,45830.166,0.725770915413139,293.141610191837,14.4456821585283,8.85024300945,45417505303.2898,730.0,56.8,2.43362261661138,63146876.0,4.54237877862102,31472402.9984
PHL,1992,2103.2,0.430380619682364,192.616274575761,467.304719473517,50322.241,0.778268545594229,320.791084756745,14.579506636524,8.92802058655,52976363147.6418,780.0,54.3,2.36674083979079,64659225.0,4.43194529505767,32898613.68
PHL,1993,2212.8,2.27706704884984,188.739460609939,456.887139477432,51290.329,0.775084272684413,320.18626683391,14.7207839154165,8.93252152741,54368183871.6747,830.0,51.9,2.31549460254388,66173874.0,4.33890993894066,34357475.3808
PHL,1994,2312.3,2.48265794007999,193.575151756448,478.104850013189,56270.115,0.831131130822121,336.508476694939,14.8687046653568,9.0375431394,64084543195.2152,930.0,49.7,2.28455424340849,67703053.0,4.2678381667003,35855536.8688
PHL,1995,2263.7,1.99406722631222,194.136812484639,490.675555544518,63105.403,0.911198487869232,360.517592484198,15.020753764913,9.09653232074,74119868201.9048,1030.0,47.7,2.26696433030718,69255386.0,4.21167782385933,37397908.44
PHL,1996,2339.6,1.83105982101638,190.08288618183,497.199964326565,65642.967,0.92674928621718,354.302477333666,14.9201274649037,9.54197931317,82848194394.7603,1170.0,46.1,2.25017552324798,70831419.0,3.90310571836903,38886449.031
PHL,1997,2375.1,1.48401151711612,190.227837854151,511.849302878631,77403.036,1.06870223906428,397.181192010521,14.7716304649929,9.66393596811,82344374413.9339,1240.0,44.6,2.22782795083611,72427130.0,3.85388003801414,40414338.54
PHL,1998,2240.5,3.1672819647143,196.513696787058,514.255443732282,75650.21,1.02173627478392,390.438594178021,14.6287971511073,9.75548464744,72207022471.5941,1150.0,43.1,2.20358528904571,74040838.0,3.80361942368985,41981155.146
PHL,1999,2464.7,1.50249751473302,195.488562516072,515.988371920148,73020.971,0.964997615224198,365.6012555662981,14.4917455410454,9.81183789212,82995145600.7288,1030.0,41.8,2.17595169345713,75669587.0,3.75078739027103,43585682.112
PHL,2000,2580.8,2.76453465978189,193.842028076265,522.876992636072,79111.858,1.02330738346603,379.36260602411096,14.3716751132923,10.7442946223,81026294681.2439,1050.0,40.4,2.1446537827284,77309965.0,3.69507243632494,45226329.525
PHL,2001,2667.8,0.255697468622945,180.720787544539,491.081885025413,77164.681,0.977208612353095,359.61805027815,14.3086993302766,10.7453272439,76261998622.8919,1040.0,39.2,2.11741180773377,78964389.0,3.54309787022028,46857468.4326
PHL,2002,2730.5,1.89533479930354,176.715089993415,487.420665174294,76057.247,0.94328233405121,341.98841875415997,14.2507400681152,10.8503265038,81357657790.4137,1000.0,37.8,2.08789693667685,80630416.0,3.4935425705992,48523384.3488
PHL,2003,2823.3,0.585163269537213,168.708533983255,478.591340631315,76244.264,0.926486417780934,326.596308853048,14.1997113033406,10.8505447906,83908205719.8013,1040.0,36.7,2.04221314465452,82293990.0,3.42837395331695,50215792.698
PHL,2004,2992.2,0.752972185828746,157.18541447332,466.456412188147,78998.181,0.941163792266405,317.151221227088,14.1587068388132,10.8505447906,91371236939.219,1140.0,35.6,1.97648400094612,83936698.0,3.34369279778613,51923241.3828
PHL,2005,3049.0,1.7988478221146,150.115911926262,457.977631257469,81066.369,0.947630097981766,310.61420169521904,14.1282300428515,10.8505447906,103065972407.859,1210.0,34.5,1.89963149067507,85546427.0,3.24839952887022,53637609.729
PHL,2006,3180.8,2.39013403899673,141.437917072054,445.942632418569,67630.481,0.776324297612587,246.22380468815,14.1098101359361,10.8505447906,122210719245.942,1310.0,33.4,1.81844861776328,87116275.0,2.99176158653503,55266564.86
PHL,2007,3319.8,1.95233098670316,130.247699155967,430.245144106327,78580.143,0.886382525973764,268.333730575716,14.1015329821401,10.8505447906,149359920006.4,1510.0,32.4,1.74819899968441,88652631.0,2.90790483519627,56897258.5758
PHL,2008,3334.3,0.889387942816753,129.851130679387,439.214697849212,83156.559,0.922187692722996,272.63913340123804,14.0994182314092,10.8505447906,173602533345.578,1770.0,31.3,1.70058783368108,90173139.0,2.84699853014902,58540401.8388
SAU,1991,4200.6,0.121825015970557,204.743548888436,4175.00163769565,268475.738,16.1055512243605,789.821897243634,35.123328680598,7.60746946695,131335915472.951,8120.0,42.3,3.23545524751232,16669764.0,3.78226041153405,12839052.2328
SAU,1992,4191.6,-0.0579097110875227,222.776269560393,4609.37996954461,286807.071,16.6854278662464,806.424595199656,36.5795657997885,7.60745045331,136304139411.154,8620.0,39.7,3.06774680981488,17189075.0,3.61157826797074,13311219.68
SAU,1993,4462.3,1.03457091051789,227.596111451412,4579.61251648782,315567.352,17.8491148049856,887.0595727998531,36.9945338500836,7.71258679308,132151405582.785,8200.0,37.2,2.81442123879454,17679720.0,3.35531116019336,13765429.992
SAU,1994,4546.5,0.260061686261867,241.580778426771,4774.99635858743,310616.902,17.1441347537354,867.371011040115,37.177279638794,30.4851537833,134327104601.473,7800.0,35.0,2.44859882599857,18117969.0,2.98657886055516,14182746.1332
SAU,1995,3784.4,-1.3159463569398,243.97377276376,4734.28892573997,234856.682,12.7005543254337,654.502123459406,37.5134282166003,31.2594366791,142457681255.805,7860.0,33.3,2.0425615847819,18491845.0,2.57766287433011,14553082.015
SAU,1996,3429.4,-0.714748521257931,250.889078032464,4954.28602940617,258516.166,13.7607654488734,696.856365578602,38.0298914106628,31.2944575826,157743126866.827,8250.0,31.6,1.58069461130306,18786467.0,1.85984718440877,14826279.7564
SAU,1997,3562.7,1.84216957640824,234.413257303171,4690.48552995512,216826.043,11.3995141277851,569.7058910643709,38.6828591825963,31.2944257811,164993858632.323,8600.0,29.8,1.23878825665631,19020639.0,1.51716373694266,15052933.7046
SAU,1998,3540.4,2.93845400424673,242.183569671046,4922.25163370844,207288.176,10.7644988492027,529.6325647325069,39.3513689739061,31.2943930592,145772799590.4,8300.0,28.4,1.2331750926036,19256649.0,1.5107777945375,15282076.6464
SAU,1999,3575.4,-0.483938586257172,248.761954071084,4935.51008908917,227229.322,11.6058131491707,584.96177810557,39.8615490749925,31.2943930592,160957062621.867,8050.0,27.1,1.65972267888246,19578923.0,1.93655688109898,15580906.9234
SAU,2000,3516.3,-0.998221211575132,248.742565000949,5054.79729987255,297749.399,14.853843818364,730.945870291674,40.1011340527314,31.2943930592,188441864874.667,8390.0,25.8,2.35398845371083,20045276.0,2.63005839940886,15996130.248
SAU,2001,3931.9,0.0107315209888605,260.406794886327,5157.09784399409,295842.559,14.304642886016,722.3105550109091,40.0295799507736,31.2943930592,183012268441.6,8660.0,24.7,3.12497406145794,20681576.0,3.42527458743493,16553533.4304
SAU,2002,4047.5,-0.325711713880595,285.180663307312,5449.048160487,323458.736,15.0704771432533,788.726497085421,39.7275748783771,31.2943930592,188551196398.933,8610.0,23.7,3.70906213701971,21463072.0,4.00846355828017,17230554.2016
SAU,2003,4228.8,-0.273336912538154,274.924013511246,5434.78121680705,323671.422,14.4920768979794,733.096657614276,39.3219625482177,31.2943930592,214572800000.0,9280.0,22.7,3.97929153259057,22334371.0,4.27779921693591,17983635.5292
SAU,2004,4675.1,-0.133546945953806,309.199599442019,6190.53697747548,346018.12,14.9057290012431,744.4984907359619,38.9682941161596,31.2943930592,250338933333.333,10530.0,21.8,3.86187155193834,23213767.0,4.2585007283213,18766009.2428
SAU,2005,4753.2,3.83634825744912,296.670717153173,6053.80532251498,367033.697,15.2669159368475,748.1652710001821,38.754390603165,31.2943930592,315580048570.895,12230.0,21.0,3.50200233690122,24041116.0,4.21690739084245,19574276.6472
SAU,2006,5047.1,5.13626653868243,312.632472740018,6379.73508752376,383399.518,15.4600095744113,757.602150484992,38.6821901917447,31.2943930592,356630440587.45,13630.0,20.2,3.10553797583892,24799436.0,3.81536839478096,20335537.52
SAU,2007,5121.7,6.32226508329001,279.131541824265,5650.42697321411,397121.432,15.5708395362391,769.200711353737,38.6995016031884,31.2943930592,384891141942.369,14790.0,19.5,2.80212924854361,25504176.0,3.50695656791273,21061348.5408
SAU,2008,5218.2,8.28356161081606,286.327414566194,5888.24579266753,433556.744,16.5690650602854,805.703044257825,38.7661250648201,31.2943930592,476304800000.0,16790.0,18.9,2.56430753325662,26166639.0,2.37036807852934,21566543.8638
SYR,1991,922.3,0.415965901066875,284.50776817061,898.502251701177,43193.593,3.40370134930284,1077.77078196072,30.8912724111228,0.253370240298,12981833333.3333,1000.0,35.8,2.97033069146704,12690183.0,3.4166679819783,6235955.9262
SYR,1992,1174.6,0.430072936034512,239.879932654346,835.049435358558,44436.706,3.40161273197691,977.162067910886,30.8817604696717,0.253369922292,13253565901.0698,1120.0,33.8,2.9411711399276,13063423.0,3.38596019136911,6450718.2774
SYR,1993,1489.1,0.795855010865734,229.217113093171,815.813377370999,47117.283,3.50606352546831,985.090195773589,30.8928796390213,0.253369604233,13695962017.1807,1080.0,31.8,2.87348882448344,13438799.0,3.31782778139333,6668332.0638
SYR,1994,1536.6,2.47974218584828,222.161690886031,828.373299856496,48532.745,3.51448464370044,942.550721000714,30.9429358328188,0.253369286174,10122020000.0,980.0,29.8,2.75731484636388,13809349.0,3.20249554049403,6885341.4114
SYR,1995,1661.3,0.877446473138053,223.107241461532,857.274190555023,51558.02,3.6382433863778,946.85977327147,31.0671767177353,0.253368968061,11396706586.8263,910.0,28.4,2.6198266116672,14171130.0,3.06628999043031,7099736.13
SYR,1996,1853.0,0.645415766215005,226.609316396179,887.27207808501,51022.638,3.51423581066343,897.535935570273,31.2524696354937,0.254018802038,13789560878.2435,870.0,27.0,2.45367165497743,14518843.0,3.02106935475052,7317496.872
SYR,1997,1273.0,0.55152505755185,248.141071590268,966.589425316818,52295.087,3.52002246294946,903.653736633628,31.4779075290056,0.254018459484,14505233969.8054,870.0,25.7,2.32539879382949,14856464.0,2.89224692280733,7532227.248
SYR,1998,1584.9,0.539443654976561,259.334821562072,1049.91058085341,62709.367,4.12552831110705,1019.03263756098,31.7119292983492,0.259318610555,15200846139.0769,950.0,24.8,2.31454806473466,15200324.0,2.87814088072727,7752165.24
SYR,1999,1072.3,1.65681022400414,266.66865552073,1016.32927033893,64913.234,4.16836384234005,1093.7124552039702,31.9075405226525,0.319915785017,15873875968.9922,920.0,23.9,2.45066486740677,15572833.0,3.00762978051392,7988863.329
SYR,2000,1148.6,1.39708924846024,261.561496159922,997.578076889351,63589.447,3.97719059170778,1042.80551646048,32.039622894757,0.319915785017,19325894913.1254,990.0,23.0,2.66939868937142,15988534.0,3.21748388848712,8250083.544
SYR,2001,2269.7,0.521331121034726,245.8971364633,958.647398353539,60908.87,3.70155842694157,949.465485641318,32.0944682461653,0.319915785017,21099833783.503,1130.0,22.2,2.91704042409391,16454926.0,3.49354448388241,8543397.5792
SYR,2002,1993.5,0.532845305559089,253.103397683301,995.056687770347,55987.756,3.30059698455183,839.542431542483,32.1000136886826,0.638015049861,21582248881.6592,1200.0,21.4,3.08717280162794,16962918.0,3.65491947518103,8861428.3632
SYR,2003,1999.0,0.71438681556379,246.693881718145,956.046344835914,70091.038,4.00746833752389,1034.0690337726298,32.1014557717896,0.638015049861,22396829912.6194,1240.0,20.6,3.10787330340214,17490104.0,3.67124570246929,9192798.6624
SYR,2004,1657.5,1.09944526999051,255.279125921867,1017.0178536309,67520.471,3.75013786603648,941.312793192843,32.1581020880158,0.638015049861,25012613861.3861,1370.0,19.9,2.94276694981344,18004797.0,3.50728084905887,9520936.6536
SYR,2005,1711.4,1.73256153580627,279.965623935153,1157.22499559352,64396.187,3.48386507078886,842.845999665821,32.3025026560634,0.638015049861,28859003831.4176,1490.0,19.2,2.66220718845094,18484122.0,3.23070717020232,9833552.904
SYR,2006,2002.2,1.97703014826033,279.940831015889,1191.22677982358,68220.868,3.61704509381883,850.013302702574,32.6567722763294,0.638015049861,33332825024.4379,1640.0,18.5,2.0386,18860939.311092,2.65516288262446,10098146.9071587
SYR,2007,1622.4,3.07387806177444,291.16249991452,1283.12930374614,70897.778,3.68387440458282,835.9298457902399,33.0367740203293,0.638015049861,40404985983.1798,1880.0,17.8,2.0386,19245438.4198879,2.65113005315934,10369442.2206356
SYR,2008,896.6,2.78993153542244,286.222056296516,1291.4945711578,71598.175,3.64594113224804,808.01637986953,33.4470106199593,0.638015049861,52581935483.871,2220.0,17.2,2.0386,19637775.9275158,2.64714796099931,10647602.107899
THA,1991,2295.3,2.05017747927966,186.876692153172,789.121942882841,116148.558,2.01257149374287,476.60910568327097,10.2774283241444,15.2067035167,98234713406.7918,1650.0,28.9,1.11421447617746,57711519.0,1.72459276997925,17071067.3202
THA,1992,2254.1,1.89589036239209,184.22767165384,833.390561520754,126830.529,2.17824677164239,481.518929485954,10.2609078090225,15.4129592945,111452745856.776,1870.0,27.1,0.887466832973247,58225969.0,1.49414210119699,17328048.3744
THA,1993,2224.1,1.44310936167653,179.060759088075,870.198155390678,142554.625,2.42972158202996,499.964046298901,10.2571011997936,15.4561868697,125010690988.821,2100.0,25.0,0.761712612900325,58671177.0,1.36472951555944,17566150.3938
THA,1994,2409.4,0.946891501090278,177.237474575122,931.515226034131,158278.721,2.67694202060017,509.33621915678,10.252200825042,16.0023285913,144308067331.745,2370.0,23.1,0.773384581641784,59126690.0,1.37278697566284,17808959.028
THA,1995,2507.5,1.23077858924143,182.385225931305,1037.92915415126,181461.495,3.04209584896818,534.558005717112,10.2362379364735,16.3850320319,168018557307.614,2720.0,21.1,0.88143506474686,59650157.0,1.47726602310993,18073997.571
THA,1996,2525.6,1.28379657956541,192.559771906835,1148.79135030332,202711.76,3.36405755022564,563.881469321543,10.2068562950187,16.8412784515,181947631899.938,2940.0,19.7,1.01404383465937,60258113.0,1.54070732982859,18354621.2198
THA,1997,2458.0,2.58116353450031,198.823194851319,1156.91974785994,210064.095,3.44741769717381,592.4582079327209,10.1670860510937,17.0406256614,150891449495.045,2710.0,19.2,1.11500223183185,60933752.0,1.63890650808403,18657914.8624
THA,1998,2565.3,6.53927007036114,208.297351611795,1071.88027035122,186503.62,3.02469123488902,587.7850270201819,10.1204415159082,17.6386561396,111859654863.989,2040.0,18.6,1.18543926955447,61660383.0,1.70661308767403,18979065.8874
THA,1999,2537.3,4.9765069930785,212.909130594677,1130.62071422516,196947.236,3.15576880309792,594.268249088153,10.0719196904775,18.6776342216,122629741697.716,1930.0,18.2,1.20620773844713,62408639.0,1.72467941186582,19309232.9066
THA,2000,2719.1,2.74270180383643,208.466522714223,1145.90883965868,201549.321,3.19134238700136,580.576767700689,10.0254660638348,19.4225784741,122725247705.559,1930.0,17.7,1.18887701080389,63155029.0,1.70467441483074,19641214.019
THA,2001,2725.1,4.38577812897679,214.085852236856,1188.30569781983,217086.4,3.39734285479406,612.067283480833,9.98251784667459,19.5870935075,115536405150.354,1880.0,17.0,1.17093367800687,63898879.0,1.93967545227548,20025908.6786
THA,2002,2699.7,2.63374303359375,217.274590866264,1255.51584286919,230635.965,3.56784510590957,617.437119621812,9.94552211749186,19.590347452,126876918690.024,1870.0,16.5,1.15769384318366,64642931.0,1.92057103314578,20414237.6098
THA,2003,2734.1,3.6681628162672,219.208155175597,1342.02998711479,245674.332,3.75819628238687,613.8665169628221,9.91996255423547,19.590347452,142640079033.312,2030.0,16.1,1.11889184079849,65370277.0,1.87599324901299,20800822.1414
THA,2004,2922.1,3.63224466884624,222.391923149101,1432.77189295133,267760.673,4.05327158033583,629.14052560012,9.9098002504769,19.590347452,161339790594.627,2340.0,15.5,1.0501542672013,66060383.0,1.80156669437791,21178958.7898
THA,2005,3002.6,4.56777441970513,215.673832490446,1439.56680394065,275164.346,4.12549631750995,618.075937349327,9.91564230928611,19.590347452,176351815950.372,2560.0,15.1,0.961299132930267,66698483.0,1.70710743765064,21543610.009
THA,2006,2963.7,4.56467150210206,209.851939620329,1459.39901376684,283987.148,4.22120119031964,606.980852364576,9.93534685121226,19.590347452,207088920189.904,2830.0,14.9,0.862704478051801,67276383.0,1.90983446478134,21959011.4112
THA,2007,3045.9,4.58503716152401,207.961272971086,1507.5501223508,282091.309,4.16085657640103,573.975629366917,9.96552607156383,19.590347452,246977009038.813,3200.0,14.3,0.770059462828265,67796451.0,1.80633816638293,22359269.5398
THA,2008,3020.8,3.12977895655688,211.056570206061,1557.16776570311,285732.64,4.18545607514808,567.291478429755,10.0027711380131,19.590347452,272577816170.884,3640.0,13.9,0.693102344619839,68267982.0,1.71875236133875,22746891.6024
TUR,1991,2239.4,0.536277347901635,118.122456351564,945.887386850795,151799.132,2.75653203769534,344.23583592590603,24.66732572008,1.74193468051,151041248184.246,2580.0,76.8,1.71912534752096,55068880.0,2.69408684410413,32920176.464
TUR,1992,2123.4,0.530500633638446,115.901458814307,958.422169034914,154494.377,2.75823174235414,333.55142756002596,24.9328729971585,1.7419391523,159095003188.105,2930.0,73.4,1.6983134187583,56012109.0,2.66386112314391,33808908.9924
TUR,1993,2255.0,0.352506324566365,114.096625464382,998.784796092302,164259.598,2.88377163983953,329.428936045968,25.2051071359074,1.88231809808,180422294772.264,3140.0,70.1,1.67811569263348,56959988.0,2.63442965842495,34711416.6872
TUR,1994,1911.5,0.465222433571291,118.229950744613,970.4461513046,161659.695,2.79150649995209,340.09066401976,25.4875091417866,1.88761674455,130690172297.297,2670.0,67.2,1.65630069530103,57911273.0,2.6035558592836,35627015.1496
TUR,1995,2037.8,0.522167204269278,120.019716333005,1045.53612474611,176705.396,3.00189330951417,344.59486854873103,25.7797833806841,1.88837537987,169485941048.035,2830.0,63.1,1.63286603336027,58864649.0,2.57123240756474,36554947.029
TUR,1996,2105.7,0.397849726303829,121.560961183798,1118.91321948599,192499.165,3.21786693512541,349.595474236246,26.0822051052876,1.88837745725,181475555282.555,2900.0,58.8,1.6132394803244,59821978.0,2.44711217620704,37460522.6236
TUR,1997,2131.4,0.4240532504307,118.983770325463,1159.54925518338,202887.776,3.33789137879951,342.508004218946,26.3919018962093,1.88837953974,189834649111.257,3170.0,54.9,1.5940596163513,60783217.0,2.42103633950991,38378523.2138
TUR,1998,2359.4,0.349069821613552,118.280738538241,1160.97870979802,205421.673,3.32706149072844,338.96167687171703,26.6614983341991,1.8883816299,269287100115.075,3390.0,50.6,1.56616141108194,61742674.0,2.38635528349205,39305386.2684
TUR,1999,2075.1,0.313511667128571,120.170344163186,1122.55977641769,196767.553,3.13860810976527,335.988893123781,26.9069646096759,1.8883816951,249751470869.15,3510.0,46.5,1.52683447649146,62692616.0,2.34035585926787,40236120.9488
TUR,2000,2311.0,0.368386949704629,122.09642520613,1199.91793846538,216147.648,3.39705973461752,345.664346296001,27.1687535249888,1.88838170149,266567531989.763,4170.0,42.7,1.4807782618639,63627862.0,2.28773484437831,41167226.714
TUR,2001,2127.1,1.71015793495675,119.388889160593,1090.73971343428,194538.017,3.01399451860762,329.902224225158,27.4455567482823,1.88838170149,196005288838.12,3450.0,39.0,1.43098663767517,64544914.0,2.23148352310702,42096192.9108
TUR,2002,2237.6,0.465307176874748,118.600976074193,1134.48803302684,205678.363,3.14271069970257,328.543400770024,27.7301397262926,1.89159100713,232534560774.947,3460.0,35.7,1.38665737383279,65446165.0,2.18079716132279,43024308.871
TUR,2003,2297.9,0.561706341166105,118.109320132015,1173.25755557784,218509.196,3.29380560126283,331.580340874579,28.0089867515147,1.89159100713,303005302818.309,3790.0,32.7,1.35565903103077,66339433.0,2.14354189459843,43956508.3058
TUR,2004,2465.1,0.710157955337254,112.194316574148,1202.59684974671,225406.823,3.35247587201408,312.76378228594297,28.2680760837878,1.89159100713,392166274991.231,5040.0,29.9,1.34232460400035,67235927.0,2.12404836837622,44900152.0506
TUR,2005,2624.2,2.0768982854085,108.006150877396,1238.26163631386,237368.577,3.48337949740125,303.834343668696,28.4972660362549,1.89159100713,482979839237.868,6480.0,27.3,1.34034351745155,68143186.0,2.1160037309689,45860364.178
TUR,2006,2658.6,3.80203360461454,111.406027750343,1347.09270179584,261570.777,3.7873932406996,313.22152952973596,28.6909816291195,1.89159100713,530900094504.725,7470.0,25.1,1.34157536461881,69063538.0,2.02275673393049,46797453.3488
TUR,2007,2381.4,3.40675657542711,114.411025325046,1428.79111457737,284658.209,4.06696683202378,325.66401097226,28.8491405838953,1.8915980357,647155131629.442,8440.0,22.8,1.33648009422933,69992754.0,2.0130527588994,47749056.7788
TUR,2008,2487.4,2.6705461691675,111.953579204883,1388.84019495309,283979.814,4.00401690661222,322.761413099253,28.9750059676782,1.8915980357,730337495197.849,9260.0,21.0,1.32133518899402,70923730.0,1.99336109287154,48710417.764
UZB,1992,1777.1,0.069477679161795,1247.4179370199,2110.33302251853,114014.364,5.31560277868432,3142.0530226505703,9.85755513077533,2.25541407991,12953800571.0314,600.0,74.1,2.3443917035247,21449000.0,1.48558369714479,8455195.8
UZB,1993,1662.3,0.36641421274371,1325.58709556132,2141.76925530945,118532.108,5.40206489836843,3343.4542497563903,9.63925804393401,2.25541903972,13099928531.8591,600.0,72.7,2.27245841546414,21942000.0,1.40621096046492,8574933.6
UZB,1994,1593.4,0.565932081902582,1383.38001129881,2077.7275327345,110981.755,4.95963511641417,3302.19433264819,9.45500290476829,2.25542400072,12899074347.3288,580.0,71.2,1.96310372458368,22377000.0,1.08928680501047,8668849.8
UZB,1995,1935.5,-0.179769065970369,1278.20532470065,1868.41869651086,100912.173,4.42888624094799,3029.84870909541,9.28876892692561,2.25542896974,13350461532.662,580.0,69.7,1.806877907471,22785000.0,0.925358068954124,8749440.0
UZB,1996,2029.6,0.645212527339969,1301.82558142695,1898.63134553283,103189.38,4.44303035522067,3046.4316251238997,9.11581485468245,2.25543396097,13948892215.5689,600.0,68.4,1.91268599840564,23225000.0,1.33812186879766,8867305.0
UZB,1997,1965.0,1.13126132489788,1258.65838901789,1895.06439345925,101781.252,4.30055571048295,2856.33065616171,8.95805974563739,2.25543897038,14744603773.5849,610.0,66.8,1.88523880811601,23667000.0,1.30735435252856,8983993.2
UZB,1998,2357.6,0.931351445248341,1341.05306508529,2072.31819882749,117571.354,4.88841852729616,3163.42763054408,8.83690491039874,2.25544398782,14988971210.8383,620.0,65.5,1.6094902947862,24051000.0,1.02824691465392,9076847.4
UZB,1999,2520.9,0.7096656112296,1320.39721965062,2097.69672131148,117421.007,4.81233635245902,3029.1297475251204,8.73211885245902,2.25544398782,17078465982.0282,650.0,64.2,1.44065565702318,24400000.0,0.856014076785192,9154880.0
UZB,2000,2435.9,0.542863132597179,1261.05464611081,2058.45918864097,119951.237,4.86617594320487,2981.1199638223397,8.6596430020284,2.25544398782,13760374487.51,630.0,62.9,1.0193768189543,24650000.0,0.431297070128856,9194450.0
UZB,2001,2919.7,0.726229698117248,1217.7044872604,2044.88336604318,122037.76,4.88796251051388,2910.7253652958098,8.56017142628269,2.25544398782,11401351420.1718,560.0,61.6,1.27780524120858,24967000.0,0.955570805561421,9282730.6
UZB,2002,3608.9,0.674033132782798,1219.63357355887,2104.35754477323,126914.87,5.02199566315023,2910.6244479500297,8.48794308280376,2.25544398782,9687951055.22541,450.0,60.5,1.21341966708812,25271800.0,0.890143523479711,9365729.08
UZB,2003,3403.4,0.815041487200325,1128.67800179314,2005.72992486614,122683.152,4.79836481185245,2700.16852247822,8.42047583474462,2.25544398782,10134453435.4603,420.0,59.3,1.164068652659,25567700.0,0.839744044047006,9444708.38
UZB,2004,3518.3,1.46799380148438,1019.49988076125,1928.83360927261,119272.842,4.6114700731732,2437.42807421688,8.35445310783716,2.25544398782,12030023547.8807,460.0,57.8,1.15371284325024,25864386.0,0.828332946634037,9523266.9252
UZB,2005,4041.6,1.33915686348393,896.705779919835,1794.25203198686,109599.296,4.18839570764642,2093.2168796147603,8.2879635319852,2.25544398782,14307509838.8053,530.0,56.7,1.16462119936188,26167369.0,0.838179124921157,9603424.423
UZB,2006,4111.9,1.02049826342892,869.565125647175,1844.5153629492,115345.485,4.35499343044197,2053.08694392218,8.21834718981492,2.25544398782,17030896203.1963,600.0,55.9,1.20955637927821,26485800.0,1.31848885192371,9730882.92
UZB,2007,4397.3,3.16071690670451,791.638224418803,1812.60021289425,115840.53,4.31150038335852,1883.0123067309096,8.1312091053231,2.25544398782,22311393927.8817,730.0,55.0,1.43198032604381,26867800.0,1.54079426496337,9881976.84
UZB,2008,4348.7,2.54786248961709,753.12024526953,1848.91805211304,124905.354,4.57299282045274,1862.7182911753,8.02783950911081,2.25544398782,27917519210.6579,890.0,53.6,1.64598642398301,27313700.0,1.75468208685868,10056904.34
VNM,1991,3006.3,3.90279678627062,390.49513515532,367.582224905714,21451.95,0.319024157376893,338.91024378193504,9.15595665829893,4.49020671717,9613369553.85061,110.0,49.7,1.83962606206029,67242400.0,3.69424242130898,13905728.32
VNM,1992,3212.5,4.80334784339983,373.205962609267,374.947531121211,22387.035,0.327056278953573,325.537157290455,9.19668342339894,4.49216863044,9866990096.31871,130.0,47.9,1.78010117104801,68450100.0,3.6009468776081,14415591.06
VNM,1993,3361.5,7.0275923427952,364.063927117479,388.510679235259,22970.088,0.329819124266812,309.06549558786503,9.24202772652542,4.53548342677,13180954014.068,170.0,46.1,1.72987181941739,69644500.0,3.51815476909459,14931780.8
VNM,1994,3458.7,11.9394824230687,349.284213034334,398.9257248551,26303.391,0.371388304894493,325.173494019083,9.29287040501521,4.64487050041,16286434094.0185,200.0,44.4,1.68012551896392,70824500.0,3.43698993919627,15453905.9
VNM,1995,3569.9,8.58596607972932,338.371949559777,416.447486301227,29247.992,0.40624750157996,330.084257043562,9.34812314658555,5.31445322565,20736163915.2449,260.0,42.6,1.6398631025265,71995500.0,3.36639394985741,15983001.0
VNM,1996,3666.2,9.71308073290485,331.711646904592,439.295744613959,34378.125,0.469924490853196,354.83937345830304,9.40811572965976,5.45705888549,24657470331.5962,310.0,41.0,1.6000098826845,73156700.0,3.47422806365857,16548045.54
VNM,1997,3758.3,8.27009654403681,324.229392008269,457.202413234841,45283.783,0.609415585901175,432.172795193907,9.47207594449506,5.48192754937,26843701136.7266,350.0,39.4,1.56000982785621,74306900.0,3.39974634182785,17120309.76
VNM,1998,3838.7,6.1412144148828,322.135575611795,473.116611866736,47781.01,0.633227576756348,431.151908039798,9.53953347831791,5.73027002228,27209601995.8276,360.0,38.0,1.53498665657181,75456300.0,3.34148739633567,17702047.98
VNM,1999,3971.1,4.92266362876429,307.219624422063,465.710167670409,48026.699,0.627007416768608,413.624173277286,9.64616099649202,5.95421197224,28683658004.771,370.0,36.4,1.50003141446132,76596700.0,3.27447594436852,18291291.96
VNM,2000,4112.3,4.16392423064647,297.78645523905,475.627346842559,53582.204,0.690217477834213,432.139609786408,9.88071373641166,5.95422474989,31172517272.2098,390.0,35.0,1.3411548927936,77630900.0,3.08466107500373,18864308.7
VNM,2001,4167.2,3.99916884017852,293.697450974414,495.125259154679,61631.269,0.783903397311151,464.994312739241,10.1292619020364,5.95422474989,32506754577.0828,410.0,33.7,1.26732955161193,78621000.0,2.98095777591063,19435111.2
VNM,2002,4440.9,3.99139763050134,296.091250844406,528.33533864647,71348.819,0.897032752609736,502.71774447089,10.3975976474345,6.16678885666,35075432958.659,430.0,32.3,1.16048563454648,79538700.0,2.84524269180763,19996029.18
VNM,2003,4506.7,3.66705628144234,287.102710744594,543.551667486864,79438.221,0.987197719850277,521.435510850946,10.6747990515532,6.16678885666,39541252948.2553,480.0,31.1,1.16208651059802,80468400.0,2.81892914532128,20567723.04
VNM,2004,4690.9,3.54318076014914,302.515497024166,609.997298548461,101678.576,1.24854429827954,619.1896256745761,10.9580636486541,6.16678885666,45439397789.3533,550.0,29.9,1.19737499790273,81437700.0,2.82721317121469,21157514.46
VNM,2005,4726.1,3.69159120687558,286.131724524821,618.408600192976,104084.128,1.26325654329528,584.496679278958,11.2132546863527,6.16678885666,52931104515.5997,630.0,28.5,1.16682395556989,82393500.0,2.77052384655158,21751884.0
VNM,2006,4749.7,3.93874432894896,271.942812574413,629.086529113104,83735.945,1.0050765786852,434.47656087256695,11.4698078331113,6.16678885666,60933124863.1828,700.0,27.4,1.10980491124798,83313000.0,2.91165546151579,22394534.4
VNM,2007,4846.1,9.42184868919965,267.966241281097,665.058281119577,112290.874,1.33328671793648,537.2098062654011,11.7373401677252,6.16678885666,71111309691.0617,790.0,26.3,1.08408842578278,84221100.0,2.85404613572287,23042892.96
VNM,2008,5064.2,10.6110562750503,266.177197371551,694.872260265524,127384.246,1.49648501039093,573.24231913098,12.016196695813,6.16678885666,90273764945.7486,920.0,25.2,1.06435622258529,85122300.0,2.80353049377219,23698048.32
YEM,1992,1110.3,12.4759352082411,138.267513052648,253.285319880105,14381.974,1.09035365065194,595.219998122606,6.00606875169065,0.0,5755079583.33833,410.0,121.9,5.05313277877071,13190192.0,7.71750719723995,2909756.3552
YEM,1993,1109.3,18.4250917105071,115.0056889969,208.533583469333,9431.524,0.680109457575238,375.078466789262,6.28869074917924,0.0,4900925402.09747,380.0,119.1,5.00856991024763,13867656.0,7.60379386121021,3139637.3184
YEM,1994,1091.6,0.41639469493413,117.531752447593,207.796342464269,11367.7,0.782345826214576,442.502860659689,6.60797541684517,2.69040256044e-05,3794476777.01548,290.0,116.2,4.66751815544087,14530275.0,7.19709044891718,3373929.855
YEM,1995,1104.9,-5.13892194862803,119.147070063061,225.59263256319,11250.356,0.742687368482481,392.25139102335896,6.8267313046089,1.29138071665e-05,4236297071.18087,270.0,113.3,4.16454608470133,15148172.0,6.63170652546968,3605264.936
YEM,1996,937.0,-1.03731326492128,114.720748955388,222.095234748916,14935.691,0.950699580037467,491.072975864481,6.95842977538621,0.520667988841,5793813887.51073,280.0,110.4,3.64310185036852,15710211.0,5.72217881727589,3817581.273
YEM,1997,895.4,-1.99674069661247,112.919315009417,228.47828715436,15474.74,0.953645105441335,471.313722672327,7.120511583886,0.520662591399,6936303759.16959,330.0,107.7,3.23618176445489,16226938.0,5.27291204689824,4024280.624
YEM,1998,1081.4,-3.47230390937963,113.315354783453,236.962047275653,12200.109,0.72980908484553,348.995023989039,7.30601159907518,0.52066087458,6318571349.91386,390.0,104.8,2.97444920208064,16716850.0,4.97052345833444,4229363.05
YEM,1999,1111.1,-4.11899951499558,124.490432143981,259.823433706634,13894.263,0.807407260623736,386.85686413,7.50203939984522,0.52066087458,7467832877.38091,380.0,102.1,2.89859063528445,17208494.0,4.85560025469416,4439791.452
YEM,2000,1084.9,0.0677808535752642,126.422915399429,267.466695886394,14638.664,0.825961201332537,390.405327785655,7.70018437994162,0.52066087458,9441473354.85227,410.0,99.5,2.94706267239046,17723186.0,4.86650739800517,4661197.918
YEM,2001,1064.2,1.64004004341149,134.237357791743,288.235283812424,16252.144,0.889747995292677,414.374737224454,7.89684314164321,0.52066087458,9459570743.57333,460.0,97.1,3.01681203864308,18266008.0,4.97470590562441,4898943.3456
YEM,2002,943.8,1.15424792160686,125.156600145036,270.82853759374,15764.433,0.837116849944235,386.852507472109,8.09640322052798,0.52066087458,9902721941.30334,480.0,94.5,3.05060929302368,18831819.0,4.9709046372508,5148619.3146
YEM,2003,785.1,-0.809564629620619,134.755596662145,291.538339141007,17304.573,0.891082977037247,411.878652392461,8.29906316829654,0.52066087458,11006776814.3178,490.0,92.2,3.07405905211602,19419710.0,4.95817275770163,5410331.206
YEM,2004,715.2,1.03491853004362,141.524320514609,308.706725322737,18881.383,0.942837945069431,432.2370994407159,8.50737564351591,0.52066087458,13873381756.5374,570.0,90.0,3.07487419804406,20026117.0,4.92414453606777,5683412.0046
YEM,2005,713.0,-1.80474649145729,142.834196889658,319.065131786142,20043.822,0.970708922615399,434.552119810848,8.72077162649381,0.52066087458,16736795898.3316,670.0,87.3,3.06123312886314,20648643.0,4.87692546751209,5967457.827
YEM,2006,930.2,5.8746248687504,144.39934121236,322.884554588556,20791.89,0.976692109712153,436.792950314583,8.9365311181333,0.52066087458,19081645676.845,780.0,85.5,3.04972189454372,21288070.0,5.03676911481867,6275723.036
YEM,2007,1019.4,4.23566539482653,145.202572533211,325.325431870156,21976.331,1.00133690314708,446.92692321523,9.14975584351203,0.52066087458,21656550140.1597,870.0,83.5,3.04831783699909,21946990.0,4.99664953736835,6597265.194
YEM,2008,939.1,5.77554388467329,142.167696429294,320.226397299284,23384.459,1.03349439011924,458.830121298619,9.35632604021949,0.52066087458,26917363956.0592,970.0,81.1,3.04959840612679,22626595.0,4.96069446088301,6932788.708
